{"cameraMode":{"drawMode":0,"name":"Shaded","section":"Shading Mode"},"sceneLighting":false,"audioPlay":false,"sceneViewState":{"showFog":true,"showMaterialUpdate":false,"showSkybox":true,"showFlares":true,"showImageEffects":true,"showParticleSystems":true},"in2DMode":false,"pivot":{"x":23.143190383911134,"y":2.7755303382873537,"z":26.83268928527832},"rotation":{"x":-0.09068100154399872,"y":0.8395114541053772,"z":-0.1478339582681656,"w":-0.5149379372596741},"size":2.3376011848449709,"orthographic":false}