{"cameraMode":{"drawMode":0,"name":"Shaded","section":"Shading Mode"},"sceneLighting":true,"audioPlay":false,"sceneViewState":{"showFog":true,"showMaterialUpdate":false,"showSkybox":true,"showFlares":true,"showImageEffects":true,"showParticleSystems":true},"in2DMode":false,"pivot":{"x":-5.472506523132324,"y":19.32882308959961,"z":10.673683166503907},"rotation":{"x":0.05016660690307617,"y":0.9452003240585327,"z":-0.2710903584957123,"w":0.17491543292999268},"size":8.751158714294434,"orthographic":false}