{"cameraMode":{"drawMode":0,"name":"Shaded","section":"Shading Mode"},"sceneLighting":true,"audioPlay":false,"sceneViewState":{"showFog":true,"showMaterialUpdate":false,"showSkybox":true,"showFlares":true,"showImageEffects":true,"showParticleSystems":true},"in2DMode":false,"pivot":{"x":20.36656951904297,"y":2.5020599365234377,"z":14.755783081054688},"rotation":{"x":0.33110395073890688,"y":0.5366296768188477,"z":-0.24081046879291535,"w":0.7378449440002441},"size":2.4372410774230959,"orthographic":false}